query,GCA_000008585,GCA_000009445,GCA_000010685,GCA_000016145,GCA_000016925,GCA_000023625,GCA_000153685,GCA_000154585,GCA_000154605,GCA_000193185,GCA_000194075,GCA_000195835,GCA_000195955,GCA_000224435,GCA_000234725,GCA_000253355,GCA_000270365,GCA_000277735,GCA_000331445,GCA_000338715,GCA_000350205,GCA_000364825,GCA_000389945,GCA_000400615,GCA_000422125,GCA_000572125,GCA_000572155,GCA_000572175,GCA_000572195,GCA_000666065,GCA_000666125,GCA_000698475,GCA_000706665,GCA_000738445,GCA_000738475,GCA_000878485,GCA_000934325,GCA_001078615,GCA_001293105,GCA_001369315,GCA_001369335,GCA_001455165,GCA_001483905,GCA_001544815,GCA_001544855,GCA_001593225,GCA_001726085,GCA_001941665,GCA_002026285,GCA_002026325,GCA_002026395,GCA_002975475,GCA_002982215,GCA_002982225,GCA_002982275,GCA_002982335,GCA_003027795,GCA_003027895,GCA_005155785,GCA_005156105
GCA_000008585,100.0,99.8719,99.8713,99.9154,99.9143,99.9133,99.9421,99.9239,99.9084,99.8787,99.833,99.8731,99.9046,99.9157,99.8688,99.8636,99.8912,99.9167,99.9333,99.8599,99.9121,99.8691,99.8759,99.8794,99.9003,99.8915,99.8662,99.8815,99.8849,99.8688,99.8734,99.8959,99.8612,99.8795,99.8816,99.8362,99.87700000000001,99.86200000000001,99.8183,99.8196,99.8322,99.8261,99.8682,99.8553,99.8337,99.8438,99.8019,99.8373,99.8287,99.8147,99.8079,99.8684,99.7386,99.8242,99.8337,99.8348,99.8343,99.8412,99.8567,99.852
GCA_000009445,99.8674,100.0,99.9886,99.8704,99.8726,99.8653,99.87200000000001,99.87200000000001,99.8548,99.8477,99.9557,99.9577,99.8617,99.8679,99.9949,99.8795,99.845,99.8639,99.8621,99.9975,99.8505,99.8334,99.8479,99.8532,99.865,99.8578,99.8499,99.848,99.8505,99.8924,99.8905,99.8608,99.8384,99.8512,99.8545,99.941,99.96,99.9564,99.9506,99.8779,99.9077,99.9337,99.9902,99.8635,99.8479,99.8662,99.8879,99.9186,99.8987,99.8869,99.8886,99.9635,99.7384,99.8642,99.8376,99.8281,99.8624,99.8357,99.9931,99.9944
GCA_000010685,99.8633,99.9842,100.0,99.86,99.8534,99.8626,99.87200000000001,99.8634,99.8613,99.8448,99.9475,99.9573,99.8529,99.8749,99.986,99.884,99.8431,99.8525,99.8722,99.9831,99.8557,99.8218,99.845,99.8531,99.8654,99.8495,99.8474,99.8385,99.8602,99.8889,99.8846,99.8609,99.829,99.8428,99.8457,99.9363,99.9603,99.9592,99.9515,99.8682,99.9206,99.9298,99.9963,99.8609,99.8415,99.8567,99.8931,99.9135,99.8968,99.9095,99.8949,99.9602,99.7737,99.8786,99.8307,99.8404,99.8418,99.8285,99.992,99.9925
GCA_000016145,99.9147,99.8385,99.8582,100.0,99.9274,99.9329,99.9317,99.9249,99.9298,99.881,99.8181,99.8615,99.9914,99.9215,99.8553,99.8659,99.8963,99.9934,99.9204,99.8446,99.8966,99.9235,99.9017,99.8866,99.9183,99.8823,99.8858,99.8799,99.8925,99.8604,99.8544,99.8968,99.8591,99.9405,99.9439,99.8525,99.8527,99.8717,99.8185,99.7685,99.8235,99.8467,99.8625,99.8415,99.8134,99.8524,99.7987,99.8425,99.7846,99.79799999999999,99.774,99.8465,99.7176,99.8078,99.8354,99.8058,99.8247,99.8388,99.8551,99.8609
GCA_000016925,99.9173,99.8597,99.8654,99.9205,100.0,99.9381,99.9305,99.9353,99.9402,99.9017,99.8377,99.8312,99.928,99.9439,99.8535,99.859,99.8971,99.9302,99.9256,99.8677,99.9088,99.8873,99.8778,99.90899999999999,99.9025,99.8965,99.8934,99.889,99.9013,99.8682,99.8603,99.8893,99.8637,99.9027,99.9057,99.8252,99.8321,99.8346,99.8287,99.785,99.8114,99.8119,99.8634,99.8561,99.8153,99.8424,99.7588,99.8523,99.8105,99.7879,99.771,99.8413,99.7699,99.7918,99.8282,99.8055,99.8337,99.8388,99.8635,99.8576
GCA_000023625,99.9145,99.8499,99.8698,99.9261,99.9429,100.0,99.935,99.9974,99.9965,99.9068,99.8287,99.8482,99.9306,99.9701,99.8636,99.8587,99.8827,99.9327,99.9252,99.851,99.9098,99.887,99.8846,99.8894,99.9073,99.8956,99.8837,99.8907,99.8971,99.8691,99.8538,99.8907,99.8511,99.9031,99.9084,99.8401,99.8582,99.8348,99.8146,99.7919,99.8134,99.8215,99.86399999999999,99.8537,99.8231,99.8519,99.7923,99.8537,99.8082,99.8033,99.8019,99.8633,99.7556,99.8036,99.8137,99.8167,99.8252,99.8401,99.8645,99.8645
GCA_000153685,99.9382,99.8688,99.8676,99.9251,99.934,99.9162,100.0,99.9145,99.9062,99.9019,99.84100000000001,99.8635,99.9247,99.9332,99.8638,99.8736,99.8923,99.9266,99.979,99.8701,99.956,99.8853,99.8744,99.9076,99.8957,99.8881,99.8913,99.9008,99.9094,99.8801,99.8926,99.9017,99.8615,99.8991,99.9022,99.8637,99.8652,99.8716,99.8344,99.7963,99.8151,99.8355,99.8684,99.8577,99.837,99.8575,99.8193,99.85600000000001,99.8109,99.8299,99.8046,99.8681,99.7529,99.8175,99.8342,99.8248,99.8529,99.8489,99.8764,99.8681
GCA_000154585,99.9174,99.8618,99.8763,99.9221,99.9476,99.9971,99.9371,100.0,99.9957,99.906,99.8268,99.8557,99.93700000000001,99.9712,99.8692,99.8583,99.8964,99.9391,99.9284,99.8609,99.9089,99.8919,99.8869,99.9039,99.9087,99.9105,99.8971,99.8952,99.8993,99.8809,99.8723,99.9068,99.8692,99.9077,99.9133,99.8437,99.8618,99.8479,99.8323,99.7776,99.8235,99.8371,99.8603,99.8611,99.8262,99.8569,99.7928,99.8626,99.8271,99.8046,99.8004,99.8666,99.7746,99.8089,99.8217,99.8298,99.8322,99.8399,99.8741,99.8705
GCA_000154605,99.9263,99.86,99.8686,99.929,99.9482,99.995,99.9471,99.995,100.0,99.8925,99.8344,99.8435,99.9315,99.9666,99.8597,99.8538,99.8902,99.9335,99.9326,99.8667,99.9122,99.887,99.8792,99.8986,99.9015,99.9027,99.8943,99.8819,99.895,99.8708,99.8593,99.9014,99.867,99.9058,99.9112,99.8275,99.8668,99.8441,99.8276,99.7708,99.81,99.8207,99.8667,99.8564,99.8254,99.8538,99.78399999999999,99.8565,99.8077,99.8027,99.8066,99.8595,99.7392,99.7989,99.8033,99.8051,99.8319,99.8432,99.868,99.8738
GCA_000193185,99.8865,99.8536,99.8526,99.8848,99.9059,99.9037,99.9047,99.9039,99.8955,100.0,99.8259,99.8353,99.8929,99.9072,99.8535,99.8634,99.9634,99.8978,99.8941,99.8462,99.8841,99.9031,99.8669,99.9839,99.8827,99.9831,99.9731,99.9721,99.9785,99.8533,99.8564,99.9445,99.9223,99.9032,99.9149,99.8205,99.83200000000001,99.8472,99.8199,99.7583,99.7912,99.8254,99.8499,99.8464,99.8051,99.8422,99.7534,99.8397,99.79700000000001,99.7925,99.7801,99.8499,99.7346,99.7882,99.8267,99.8066,99.8294,99.8373,99.8529,99.853
GCA_000194075,99.834,99.9588,99.9499,99.8267,99.8369,99.83,99.8407,99.8311,99.8229,99.8065,100.0,99.9244,99.8145,99.8304,99.9596,99.8518,99.801,99.8174,99.8363,99.9547,99.8236,99.7891,99.8096,99.8055,99.82700000000001,99.8018,99.8173,99.8131,99.8251,99.8546,99.8434,99.8114,99.787,99.8045,99.8071,99.9048,99.92200000000001,99.9197,99.9089,99.8374,99.8911,99.9035,99.9469,99.8408,99.8068,99.83,99.8768,99.8826,99.8603,99.8833,99.8679,99.9252,99.7426,99.8505,99.8244,99.821,99.8413,99.84200000000001,99.9566,99.95700000000001
GCA_000195835,99.8635,99.9529,99.9551,99.8667,99.8518,99.8727,99.8704,99.8678,99.8646,99.8426,99.9205,100.0,99.851,99.8567,99.9557,99.8905,99.8347,99.8617,99.8688,99.9492,99.8639,99.8281,99.8456,99.8405,99.8632,99.8403,99.8461,99.834,99.8446,99.8961,99.8776,99.854,99.8158,99.8407,99.84299999999999,99.9643,99.9687,99.9854,99.9185,99.8808,99.913,99.9423,99.95100000000001,99.86399999999999,99.8476,99.8661,99.8878,99.9207,99.9031,99.8863,99.8795,99.9677,99.7593,99.8818,99.836,99.8152,99.8515,99.8683,99.9584,99.9593
GCA_000195955,99.9209,99.8501,99.8589,99.9895,99.9334,99.928,99.9329,99.9243,99.9216,99.8947,99.8175,99.8603,100.0,99.9254,99.853,99.8651,99.897,99.9974,99.9195,99.8594,99.9073,99.9289,99.9123,99.89200000000001,99.9201,99.8747,99.8747,99.8926,99.8953,99.8751,99.8519,99.8956,99.8392,99.9458,99.9495,99.8412,99.8628,99.8698,99.8153,99.7754,99.8427,99.8442,99.8644,99.8589,99.8211,99.8546,99.7807,99.8416,99.8015,99.8077,99.78399999999999,99.8626,99.7319,99.823,99.8245,99.8141,99.8063,99.8222,99.8562,99.8468
GCA_000224435,99.9235,99.8623,99.85700000000001,99.9217,99.9466,99.9627,99.9247,99.9604,99.9588,99.8923,99.8138,99.8329,99.9333,100.0,99.8456,99.8631,99.8872,99.9351,99.9199,99.8534,99.8977,99.8867,99.8866,99.8998,99.9032,99.9009,99.8931,99.8793,99.891,99.8588,99.8554,99.8983,99.8495,99.9058,99.9088,99.8227,99.8358,99.8281,99.8146,99.7923,99.8096,99.8131,99.8573,99.8413,99.8177,99.8519,99.7766,99.8542,99.7903,99.7862,99.7708,99.8286,99.7199,99.7942,99.8216,99.8125,99.8097,99.8216,99.8572,99.8488
GCA_000234725,99.868,99.9947,99.9898,99.8656,99.8649,99.8683,99.8714,99.8701,99.8567,99.8483,99.9563,99.9593,99.8568,99.8683,100.0,99.8857,99.8469,99.8669,99.8673,99.9923,99.855,99.8249,99.8496,99.8462,99.8648,99.8493,99.8363,99.8411,99.8478,99.8973,99.8861,99.8583,99.8388,99.8467,99.8498,99.9411,99.9615,99.9573,99.9492,99.8784,99.9132,99.9338,99.9921,99.8696,99.8494,99.869,99.8763,99.9193,99.8911,99.8855,99.8756,99.9639,99.7803,99.8736,99.8214,99.8385,99.866,99.8413,99.9941,99.9941
GCA_000253355,99.8817,99.8816,99.8937,99.869,99.876,99.8763,99.8874,99.8837,99.8688,99.8413,99.8512,99.8858,99.8637,99.8596,99.8904,100.0,99.8634,99.8683,99.8683,99.8897,99.8665,99.8352,99.8605,99.8608,99.8806,99.8655,99.8555,99.8593,99.8663,99.9703,99.9736,99.8754,99.8569,99.852,99.8553,99.876,99.898,99.8923,99.8513,99.8188,99.8576,99.8722,99.895,99.8792,99.9293,99.9169,99.8249,99.8748,99.8217,99.8263,99.8278,99.8953,99.7774,99.8518,99.8439,99.9328,99.851,99.8592,99.8841,99.8905
GCA_000270365,99.8823,99.8451,99.8518,99.9029,99.9012,99.8972,99.9109,99.89299999999999,99.9035,99.9655,99.8217,99.8419,99.9066,99.8962,99.8536,99.8505,100.0,99.9082,99.9099,99.8556,99.8872,99.9185,99.8675,99.964,99.8823,99.96600000000001,99.9646,99.9599,99.98100000000001,99.8513,99.8656,99.9246,99.8969,99.9172,99.9243,99.8175,99.8423,99.8492,99.8234,99.7927,99.8032,99.8197,99.8455,99.8491,99.8021,99.8431,99.7755,99.8316,99.8035,99.8012,99.775,99.8487,99.7274,99.8033,99.81,99.8102,99.8392,99.8228,99.8581,99.8538
GCA_000277735,99.9237,99.8514,99.8595,99.9912,99.9349,99.9276,99.9352,99.9289,99.9251,99.8953,99.8152,99.8603,99.9974,99.9309,99.8532,99.87,99.9021,100.0,99.9201,99.8624,99.9023,99.929,99.90899999999999,99.8841,99.9201,99.8819,99.8767,99.8923,99.9028,99.8781,99.8494,99.897,99.8544,99.9461,99.9497,99.8406,99.8645,99.8704,99.8124,99.8013,99.8436,99.8311,99.8676,99.8589,99.8271,99.8586,99.7844,99.8409,99.8008,99.8105,99.7652,99.8653,99.7305,99.8274,99.8263,99.8129,99.8045,99.81700000000001,99.8584,99.8465
GCA_000331445,99.9346,99.8572,99.8692,99.9047,99.9195,99.9301,99.9753,99.9333,99.9279,99.8993,99.8228,99.8737,99.9191,99.9154,99.8603,99.8689,99.884,99.9208,100.0,99.8587,99.9432,99.8793,99.8699,99.9021,99.8879,99.9054,99.9028,99.8969,99.9009,99.88600000000001,99.87299999999999,99.8927,99.8732,99.8952,99.8982,99.8583,99.8594,99.87700000000001,99.8245,99.8181,99.8457,99.8451,99.8597,99.84899999999999,99.8323,99.8503,99.7965,99.8523,99.8057,99.7944,99.7998,99.8629,99.7251,99.8338,99.8259,99.819,99.8554,99.8351,99.8658,99.8617
GCA_000338715,99.8634,99.9974,99.9883,99.8617,99.8757,99.8734,99.8776,99.87,99.8681,99.8625,99.954,99.9584,99.8681,99.863,99.9929,99.8835,99.8599,99.8701,99.8648,100.0,99.8551,99.8405,99.8471,99.8593,99.8692,99.8653,99.8549,99.8573,99.8593,99.8916,99.8799,99.861,99.8465,99.8566,99.8611,99.9334,99.9576,99.9575,99.9506,99.8723,99.9087,99.9287,99.9859,99.86399999999999,99.8465,99.8678,99.883,99.9207,99.89299999999999,99.8899,99.8843,99.9622,99.7473,99.8783,99.8528,99.8456,99.8596,99.8413,99.9913,99.9927
GCA_000350205,99.9128,99.8543,99.8617,99.9055,99.9118,99.9022,99.9604,99.9043,99.9032,99.8692,99.8104,99.8644,99.90700000000001,99.9041,99.8499,99.8543,99.8815,99.9041,99.9542,99.8539,100.0,99.8583,99.8606,99.882,99.8826,99.8925,99.8903,99.8929,99.8875,99.86200000000001,99.8632,99.8833,99.8693,99.8834,99.8867,99.8366,99.85799999999999,99.8534,99.8185,99.8031,99.8329,99.8495,99.8458,99.8443,99.8193,99.829,99.7937,99.8311,99.8016,99.8001,99.7979,99.8575,99.7106,99.7989,99.8296,99.8092,99.8555,99.8473,99.8566,99.8416
GCA_000364825,99.8773,99.8309,99.8408,99.9233,99.8957,99.8841,99.8938,99.8835,99.8781,99.9013,99.7938,99.8328,99.9287,99.8897,99.8265,99.8485,99.9058,99.929,99.8663,99.8371,99.8625,100.0,99.8816,99.8991,99.8897,99.8964,99.8782,99.9015,99.9038,99.8483,99.8232,99.8915,99.8596,99.9353,99.9445,99.7998,99.8329,99.8332,99.7913,99.7733,99.8032,99.8184,99.8406,99.8292,99.806,99.8205,99.7512,99.8247,99.7598,99.7852,99.7449,99.8276,99.6944,99.7874,99.7943,99.7869,99.7721,99.7879,99.8299,99.8251
GCA_000389945,99.88600000000001,99.8446,99.8298,99.9017,99.8861,99.8766,99.8875,99.8799,99.8692,99.8504,99.8095,99.82799999999999,99.90700000000001,99.8841,99.838,99.8467,99.8568,99.906,99.8871,99.8279,99.8647,99.8804,100.0,99.8426,99.9519,99.8618,99.8457,99.8547,99.8588,99.85700000000001,99.8432,99.8659,99.8318,99.8834,99.8867,99.8128,99.8488,99.8324,99.8006,99.785,99.8199,99.8093,99.84200000000001,99.8389,99.8124,99.8325,99.7767,99.8318,99.7621,99.8002,99.7606,99.8493,99.7314,99.7802,99.8127,99.7882,99.8428,99.8412,99.8349,99.8354
GCA_000400615,99.9068,99.8477,99.8612,99.8917,99.9022,99.9094,99.9159,99.9042,99.9024,99.9833,99.8064,99.8361,99.9034,99.9054,99.8507,99.8631,99.9566,99.9058,99.905,99.8385,99.874,99.9138,99.8615,100.0,99.8764,99.9833,99.9728,99.9677,99.9771,99.8552,99.8527,99.9351,99.9087,99.9105,99.9209,99.8059,99.823,99.8292,99.8107,99.7551,99.7991,99.805,99.8565,99.8294,99.8135,99.8169,99.7471,99.8479,99.7778,99.7876,99.7679,99.8359,99.7332,99.7659,99.8003,99.8074,99.8299,99.8255,99.8581,99.8602
GCA_000422125,99.8917,99.8714,99.8595,99.916,99.9009,99.8968,99.9007,99.8928,99.8907,99.8708,99.8219,99.87,99.92399999999999,99.88600000000001,99.8653,99.8646,99.8707,99.9236,99.9019,99.866,99.8792,99.8927,99.9524,99.8684,100.0,99.8741,99.8658,99.8746,99.8716,99.8785,99.8665,99.8838,99.8325,99.9043,99.9076,99.8453,99.8655,99.87200000000001,99.8264,99.8085,99.8373,99.8448,99.8648,99.8487,99.821,99.84299999999999,99.8273,99.8541,99.81299999999999,99.8284,99.7986,99.8694,99.7401,99.8404,99.8361,99.8362,99.8456,99.8707,99.8483,99.8444
GCA_000572125,99.8878,99.86399999999999,99.8561,99.9062,99.9139,99.911,99.9147,99.9065,99.9092,99.98200000000001,99.8245,99.84,99.90700000000001,99.9061,99.861,99.8626,99.9691,99.9094,99.9085,99.8595,99.8936,99.9128,99.8583,99.9828,99.8829,100.0,99.9824,99.9756,99.9844,99.86399999999999,99.8669,99.9409,99.9207,99.9166,99.92399999999999,99.8211,99.8417,99.8251,99.8345,99.7685,99.8052,99.8017,99.859,99.8419,99.8147,99.8465,99.7504,99.852,99.7812,99.787,99.78399999999999,99.8283,99.726,99.78399999999999,99.8235,99.8206,99.8279,99.8451,99.8481,99.8575
GCA_000572155,99.8867,99.8443,99.855,99.8875,99.9058,99.9093,99.91799999999999,99.8945,99.9072,99.971,99.8101,99.8581,99.8996,99.896,99.8531,99.8626,99.9623,99.9018,99.9152,99.8576,99.8677,99.9095,99.8583,99.973,99.8752,99.9829,100.0,99.9665,99.9853,99.8607,99.86,99.9287,99.9131,99.8908,99.9016,99.8231,99.8602,99.8556,99.8316,99.7824,99.7924,99.8266,99.8512,99.8483,99.8083,99.8384,99.76299999999999,99.8363,99.7792,99.79799999999999,99.7634,99.8493,99.7215,99.7857,99.82,99.7949,99.8255,99.81700000000001,99.8489,99.8433
GCA_000572175,99.8913,99.8462,99.8537,99.8975,99.9097,99.9109,99.9173,99.9089,99.9037,99.9716,99.8187,99.8308,99.8918,99.8947,99.8454,99.853,99.9606,99.8977,99.906,99.8517,99.9021,99.8984,99.8672,99.9783,99.87899999999999,99.9788,99.9739,100.0,99.9743,99.863,99.8623,99.9426,99.9214,99.8969,99.9073,99.8269,99.8524,99.8311,99.8214,99.8048,99.791,99.7916,99.8536,99.8573,99.8071,99.8424,99.7622,99.8366,99.8126,99.7958,99.7673,99.8574,99.7475,99.7915,99.8168,99.8118,99.8467,99.8214,99.8559,99.8664
GCA_000572195,99.8881,99.8605,99.8494,99.88799999999999,99.9072,99.9038,99.9081,99.9022,99.9066,99.9806,99.81200000000001,99.829,99.8802,99.8942,99.8483,99.859,99.9778,99.8824,99.9029,99.8579,99.8728,99.8925,99.8462,99.9811,99.87,99.9824,99.9779,99.9725,100.0,99.8566,99.8585,99.9365,99.9149,99.8872,99.9001,99.835,99.8363,99.8429,99.8089,99.7883,99.7844,99.8246,99.8456,99.8278,99.8163,99.836,99.7712,99.8363,99.8067,99.8088,99.7818,99.8331,99.7134,99.8,99.8388,99.8199,99.837,99.8239,99.8539,99.8641
GCA_000666065,99.875,99.891,99.8942,99.8669,99.8767,99.8816,99.8853,99.8831,99.8787,99.8405,99.8599,99.8939,99.8739,99.8694,99.8895,99.9722,99.8565,99.8755,99.8796,99.8828,99.8638,99.8444,99.8557,99.8602,99.8651,99.8547,99.8597,99.86,99.8627,99.9984,99.9633,99.8666,99.8492,99.8623,99.8629,99.8734,99.898,99.8957,99.8575,99.8392,99.8523,99.8696,99.8961,99.8723,99.9248,99.9164,99.8387,99.8773,99.8352,99.8528,99.8247,99.904,99.74799999999999,99.8506,99.8062,99.9107,99.8316,99.837,99.8927,99.8993
GCA_000666125,99.8696,99.8821,99.8936,99.8579,99.8675,99.8761,99.8737,99.8769,99.8783,99.8539,99.8446,99.8887,99.8693,99.8704,99.8794,99.9736,99.8351,99.8693,99.8653,99.8687,99.8571,99.8325,99.8485,99.8602,99.8599,99.8499,99.853,99.8466,99.8612,99.9725,100.0,99.8521,99.8499,99.8576,99.8585,99.8553,99.889,99.8841,99.8455,99.8282,99.8572,99.8538,99.891,99.8803,99.9298,99.9191,99.8207,99.8656,99.8361,99.8335,99.8338,99.8842,99.7724,99.8322,99.8263,99.9234,99.8535,99.863,99.8754,99.8893
GCA_000698475,99.9134,99.8455,99.8664,99.902,99.8973,99.8996,99.9113,99.9015,99.8862,99.9336,99.8266,99.8264,99.8975,99.9044,99.8449,99.8667,99.9301,99.8997,99.9082,99.8564,99.8934,99.9007,99.8722,99.9342,99.8963,99.9355,99.9337,99.9324,99.9333,99.8698,99.8684,100.0,99.9398,99.9092,99.90899999999999,99.814,99.8253,99.8344,99.8248,99.7923,99.818,99.8152,99.8656,99.8575,99.8253,99.8426,99.7752,99.84899999999999,99.7981,99.7861,99.7937,99.844,99.7261,99.8067,99.8343,99.8232,99.8637,99.8605,99.8542,99.8524
GCA_000706665,99.8853,99.8189,99.8425,99.8812,99.8816,99.8911,99.8969,99.8885,99.8912,99.9206,99.8136,99.8089,99.8823,99.8886,99.8388,99.8544,99.9191,99.8843,99.9,99.8349,99.8804,99.8804,99.8442,99.9188,99.8694,99.9258,99.9197,99.913,99.9219,99.8607,99.8559,99.9541,100.0,99.8975,99.8979,99.8069,99.8197,99.8025,99.8139,99.7871,99.7926,99.7894,99.8586,99.8371,99.8097,99.8271,99.7454,99.8237,99.8084,99.7763,99.7766,99.8058,99.73100000000001,99.7705,99.8388,99.7986,99.8284,99.831,99.8411,99.8502
GCA_000738445,99.9004,99.8416,99.8514,99.9387,99.9079,99.9037,99.9103,99.8997,99.8997,99.9041,99.8036,99.8505,99.9458,99.9011,99.8391,99.8547,99.9099,99.9461,99.8977,99.8503,99.88600000000001,99.9354,99.8874,99.9027,99.8972,99.8854,99.8824,99.9028,99.9062,99.8648,99.8409,99.90799999999999,99.8624,100.0,99.9765,99.825,99.8504,99.8591,99.8019,99.7649,99.83,99.8318,99.8551,99.84899999999999,99.80799999999999,99.8412,99.7688,99.83,99.7891,99.7926,99.7722,99.8502,99.7231,99.8129,99.814,99.8048,99.7919,99.8075,99.8439,99.8346
GCA_000738475,99.9012,99.8475,99.8521,99.9426,99.9111,99.9063,99.9096,99.9029,99.9004,99.9147,99.8084,99.8542,99.9497,99.9044,99.8462,99.8575,99.9189,99.95,99.9004,99.8533,99.8829,99.9446,99.8883,99.9122,99.9011,99.8951,99.8915,99.9129,99.9155,99.8681,99.8474,99.911,99.8674,99.9765,100.0,99.8325,99.8539,99.8624,99.8044,99.7711,99.8333,99.8377,99.8579,99.8497,99.8112,99.8472,99.7727,99.8341,99.7874,99.8006,99.759,99.8535,99.7266,99.8168,99.8169,99.8087,99.8007,99.8122,99.8493,99.8385
GCA_000878485,99.8709,99.9514,99.9605,99.8688,99.8692,99.8632,99.8781,99.8633,99.8604,99.8397,99.9235,99.9783,99.8696,99.8621,99.95299999999999,99.8825,99.8278,99.8741,99.8692,99.9442,99.8565,99.838,99.8554,99.8481,99.8758,99.8575,99.8366,99.8457,99.84299999999999,99.8939,99.8849,99.8318,99.82700000000001,99.8521,99.8582,100.0,99.9664,99.9906,99.9346,99.8895,99.9442,99.97,99.9509,99.8649,99.846,99.8832,99.87299999999999,99.9029,99.9166,99.8957,99.8987,99.9639,99.7705,99.9029,99.8791,99.8711,99.865,99.869,99.9567,99.9579
GCA_000934325,99.8662,99.9504,99.958,99.8693,99.8238,99.8338,99.8748,99.8366,99.8296,99.8215,99.9157,99.9689,99.8607,99.8425,99.95299999999999,99.8925,99.8171,99.8708,99.8669,99.9505,99.8644,99.8354,99.8492,99.8116,99.8667,99.8322,99.8039,99.8101,99.8181,99.8961,99.8879,99.819,99.7945,99.8505,99.8533,99.9505,100.0,99.9687,99.9259,99.875,99.9305,99.9337,99.9516,99.8503,99.8504,99.8687,99.8805,99.9261,99.8913,99.9062,99.8623,99.98200000000001,99.771,99.8725,99.8346,99.8574,99.8591,99.84,99.9606,99.9592
GCA_001078615,99.8704,99.9496,99.9595,99.8616,99.8591,99.8614,99.884,99.8649,99.8615,99.8413,99.9186,99.9851,99.863,99.8545,99.9544,99.8889,99.8416,99.8674,99.869,99.9533,99.8648,99.8327,99.85,99.8335,99.8683,99.8483,99.8437,99.8487,99.8499,99.89399999999999,99.891,99.8553,99.8219,99.8524,99.8556,99.9726,99.9692,100.0,99.9222,99.8844,99.9344,99.9631,99.9599,99.8702,99.8454,99.8692,99.8815,99.921,99.8969,99.8917,99.8784,99.9712,99.7314,99.8791,99.8217,99.8377,99.8683,99.867,99.9639,99.9652
GCA_001293105,99.8456,99.9538,99.9593,99.8178,99.8344,99.8449,99.83200000000001,99.8448,99.8235,99.8203,99.9148,99.9205,99.829,99.8341,99.9494,99.8569,99.7969,99.8341,99.8308,99.956,99.8345,99.7995,99.8167,99.8147,99.839,99.8132,99.8123,99.8234,99.8129,99.8655,99.8604,99.79700000000001,99.8098,99.8194,99.8223,99.9014,99.9257,99.9248,100.0,99.8451,99.8808,99.9166,99.961,99.8533,99.8159,99.8358,99.8601,99.8908,99.8856,99.8696,99.8576,99.9252,99.7769,99.839,99.8073,99.8101,99.837,99.8629,99.9513,99.9527
GCA_001369315,99.8607,99.8874,99.9121,99.8539,99.8452,99.8489,99.8678,99.852,99.8475,99.8054,99.8809,99.914,99.8415,99.8388,99.9006,99.8742,99.8261,99.8441,99.86,99.8877,99.8425,99.8141,99.8285,99.8126,99.8574,99.8187,99.7958,99.8122,99.811,99.8806,99.8795,99.8297,99.7898,99.8317,99.8353,99.8982,99.9106,99.9099,99.8834,100.0,99.8898,99.9022,99.91,99.8602,99.8346,99.8714,99.8668,99.9317,99.8858,99.8945,99.8643,99.9069,99.7511,99.9501,99.8535,99.8534,99.8365,99.8364,99.9078,99.914
GCA_001369335,99.8933,99.956,99.9686,99.8882,99.8706,99.8555,99.8853,99.8531,99.855,99.8274,99.9229,99.9712,99.8875,99.8538,99.962,99.9074,99.8401,99.8891,99.8864,99.9507,99.86399999999999,99.8609,99.8655,99.8173,99.8907,99.8356,99.8156,99.833,99.8327,99.9089,99.91,99.8261,99.8082,99.8771,99.8809,99.9702,99.985,99.9717,99.9361,99.8986,100.0,99.9582,99.9646,99.8696,99.8639,99.9162,99.9141,99.9251,99.9112,99.9333,99.9359,99.98299999999999,99.7697,99.9175,99.8862,99.8992,99.8809,99.8698,99.9656,99.9655
GCA_001455165,99.8797,99.9326,99.9616,99.87,99.8671,99.8674,99.8862,99.8668,99.8709,99.8304,99.9346,99.9845,99.8824,99.8692,99.9553,99.8976,99.8482,99.8839,99.8739,99.9311,99.8692,99.8584,99.8634,99.8309,99.8803,99.8422,99.8248,99.8524,99.8417,99.8991,99.9022,99.8491,99.8382,99.8729,99.8763,99.98,99.9726,99.9964,99.9392,99.8769,99.9332,100.0,99.9598,99.8624,99.85700000000001,99.8939,99.8692,99.9116,99.9032,99.8981,99.9145,99.9704,99.7912,99.8883,99.8591,99.8737,99.8659,99.8706,99.9602,99.9626
GCA_001483905,99.86399999999999,99.9863,99.9943,99.8512,99.8587,99.8586,99.8724,99.8605,99.8596,99.8592,99.9527,99.9587,99.8531,99.8609,99.9845,99.8834,99.8402,99.8554,99.8583,99.9821,99.8397,99.8277,99.8412,99.8529,99.8614,99.8489,99.8387,99.8375,99.8434,99.8879,99.8736,99.852,99.8223,99.8419,99.845,99.9396,99.9569,99.9585,99.9544,99.8823,99.9154,99.9315,100.0,99.8706,99.8419,99.8646,99.8881,99.9164,99.88799999999999,99.9057,99.8934,99.9624,99.7706,99.8894,99.8348,99.8478,99.8363,99.8312,99.991,99.9923
GCA_001544815,99.8613,99.8627,99.8686,99.8525,99.8592,99.8666,99.8777,99.8586,99.8648,99.8648,99.8236,99.8475,99.861,99.8654,99.8535,99.8753,99.8526,99.8642,99.8717,99.8665,99.8461,99.838,99.8351,99.8549,99.8588,99.8618,99.8492,99.8538,99.8597,99.8797,99.8717,99.8526,99.8363,99.8476,99.8506,99.8569,99.8553,99.8467,99.8353,99.8147,99.8433,99.8312,99.8664,100.0,99.8496,99.8515,99.7959,99.8635,99.8055,99.82700000000001,99.8006,99.8646,99.7817,99.8083,99.8663,99.8345,99.8713,99.8654,99.8689,99.87200000000001
GCA_001544855,99.8271,99.8475,99.8345,99.8129,99.8248,99.8307,99.8396,99.8327,99.8346,99.8043,99.8027,99.8377,99.8116,99.8186,99.8479,99.9316,99.8026,99.8158,99.8205,99.84299999999999,99.8056,99.7886,99.8014,99.8062,99.8275,99.8091,99.8142,99.8167,99.7882,99.9236,99.9268,99.8248,99.7898,99.8036,99.8052,99.8298,99.8486,99.84299999999999,99.8121,99.7868,99.7952,99.8236,99.8454,99.8478,100.0,99.865,99.7851,99.8418,99.7968,99.8027,99.7916,99.8543,99.6814,99.7925,99.7898,99.87799999999999,99.7997,99.8208,99.8426,99.8385
GCA_001593225,99.8413,99.8471,99.8626,99.8396,99.8349,99.8397,99.8451,99.8398,99.8328,99.8413,99.8355,99.863,99.8285,99.839,99.8519,99.9029,99.8164,99.8317,99.84899999999999,99.8441,99.8271,99.7969,99.8121,99.8333,99.8501,99.82700000000001,99.8249,99.8248,99.8328,99.9151,99.9052,99.831,99.8114,99.8175,99.8198,99.8674,99.8534,99.8627,99.8216,99.8313,99.8677,99.8637,99.8563,99.8436,99.863,99.9978,99.8346,99.8447,99.8348,99.838,99.8239,99.8548,99.7839,99.8657,99.8306,99.8982,99.8553,99.883,99.8515,99.8581
GCA_001726085,99.8806,99.9202,99.9668,99.8626,99.8363,99.8277,99.8821,99.8315,99.8475,99.7955,99.8957,99.9569,99.86399999999999,99.8408,99.954,99.8936,99.7908,99.865,99.8731,99.9215,99.8626,99.8413,99.8371,99.8227,99.8635,99.7953,99.8115,99.8211,99.818,99.8965,99.88600000000001,99.8223,99.796,99.8516,99.8583,99.936,99.9596,99.9523,99.9219,99.9051,99.9103,99.9345,99.9618,99.8415,99.8394,99.882,100.0,99.9041,99.9551,99.9425,99.926,99.95100000000001,99.7738,99.9043,99.845,99.87,99.8391,99.8701,99.9441,99.9543
GCA_001941665,99.8675,99.9204,99.9197,99.8649,99.8685,99.8598,99.8644,99.8588,99.8487,99.8257,99.8815,99.9217,99.8607,99.8721,99.9136,99.8769,99.8409,99.8606,99.8634,99.9218,99.8466,99.8214,99.8474,99.8457,99.8655,99.8506,99.8355,99.853,99.8551,99.8833,99.8683,99.84899999999999,99.8308,99.848,99.8511,99.906,99.9198,99.9227,99.8904,99.8985,99.8772,99.9108,99.9178,99.8709,99.8393,99.8655,99.8331,100.0,99.8606,99.8521,99.8377,99.9252,99.7642,99.89200000000001,99.8267,99.8437,99.8263,99.8447,99.9169,99.9189
GCA_002026285,99.8803,99.9523,99.9589,99.8846,99.8749,99.8809,99.8927,99.882,99.8822,99.8791,99.9336,99.9672,99.8785,99.87799999999999,99.9514,99.8972,99.8806,99.8795,99.8907,99.9523,99.8664,99.8518,99.8368,99.882,99.8813,99.8849,99.8664,99.884,99.8855,99.8984,99.9035,99.8776,99.8798,99.8686,99.87200000000001,99.9555,99.9676,99.9664,99.9362,99.8943,99.9449,99.9478,99.9524,99.8869,99.8602,99.9017,99.9511,99.9189,100.0,99.9658,99.958,99.9652,99.8046,99.9146,99.8758,99.8724,99.8558,99.8863,99.9595,99.9504
GCA_002026325,99.8768,99.948,99.9556,99.8792,99.8644,99.8721,99.8767,99.8709,99.8757,99.8593,99.9379,99.9652,99.8725,99.8583,99.9542,99.8924,99.8387,99.87200000000001,99.8728,99.9543,99.8573,99.8369,99.8595,99.8626,99.8808,99.8638,99.8488,99.8728,99.8647,99.8957,99.9023,99.8614,99.8499,99.8597,99.8652,99.9498,99.9743,99.9626,99.9283,99.904,99.9296,99.9627,99.9539,99.8642,99.8545,99.8996,99.9439,99.9138,99.9568,100.0,99.9461,99.9727,99.7926,99.9106,99.8815,99.8893,99.8543,99.8897,99.9542,99.9559
GCA_002026395,99.8788,99.9304,99.9515,99.8801,99.8551,99.8681,99.8845,99.8682,99.8724,99.8299,99.9147,99.9678,99.8759,99.8615,99.9331,99.8958,99.8689,99.8759,99.882,99.9308,99.8691,99.8444,99.8363,99.8545,99.8736,99.87200000000001,99.8411,99.8349,99.8548,99.8996,99.9032,99.8651,99.8552,99.8663,99.8697,99.9562,99.9692,99.96799999999999,99.9323,99.9048,99.9457,99.9586,99.9509,99.8837,99.85799999999999,99.8946,99.93700000000001,99.9166,99.9607,99.9632,100.0,99.9664,99.777,99.9018,99.8701,99.87700000000001,99.8603,99.8785,99.9505,99.9521
GCA_002975475,99.8778,99.9649,99.9632,99.869,99.8285,99.8416,99.8784,99.8424,99.8343,99.8322,99.9202,99.9676,99.8619,99.8334,99.9617,99.8988,99.8194,99.8637,99.8752,99.9647,99.8643,99.8432,99.8359,99.8027,99.8762,99.8112,99.8034,99.818,99.8021,99.9041,99.8981,99.835,99.8174,99.8519,99.8549,99.9415,99.9821,99.9683,99.929,99.87200000000001,99.9406,99.9338,99.9637,99.861,99.8613,99.8725,99.891,99.92200000000001,99.8972,99.9121,99.868,100.0,99.7489,99.8746,99.8195,99.8538,99.8394,99.8411,99.9596,99.9627
GCA_002982215,99.8982,99.8674,99.89200000000001,99.8901,99.8924,99.8666,99.9058,99.8697,99.8736,99.8544,99.8594,99.8702,99.884,99.8727,99.8724,99.9116,99.8561,99.8828,99.8984,99.8799,99.8846,99.8602,99.8654,99.8462,99.8925,99.8601,99.8464,99.8642,99.8556,99.9159,99.9154,99.8596,99.8616,99.876,99.8796,99.8898,99.8744,99.8834,99.8749,99.8575,99.8623,99.8975,99.8959,99.9762,99.8772,99.9099,99.883,99.8547,99.8991,99.8699,99.8797,99.87700000000001,100.0,99.8664,99.9278,99.8935,99.9318,99.932,99.8805,99.8964
GCA_002982225,99.8729,99.9109,99.9067,99.876,99.8631,99.8632,99.8684,99.8598,99.8432,99.83200000000001,99.9082,99.9157,99.8727,99.8717,99.9012,99.8883,99.8402,99.8702,99.8828,99.9219,99.8418,99.8452,99.859,99.8334,99.8789,99.8444,99.8258,99.8448,99.8439,99.8955,99.8958,99.844,99.8156,99.8607,99.8642,99.9359,99.9171,99.9162,99.9015,99.9613,99.928,99.9267,99.9046,99.844,99.8469,99.9094,99.8959,99.9474,99.8913,99.885,99.8784,99.9332,99.7401,100.0,99.8758,99.8888,99.859,99.8568,99.9344,99.9323
GCA_002982275,99.8912,99.8904,99.9066,99.8785,99.89,99.8825,99.9007,99.8833,99.8803,99.8778,99.8736,99.8956,99.8781,99.88600000000001,99.8996,99.8983,99.8617,99.88799999999999,99.8855,99.8811,99.8745,99.8523,99.8639,99.8506,99.8766,99.8703,99.8453,99.8672,99.8716,99.9057,99.9041,99.8836,99.8677,99.8677,99.8715,99.8793,99.9014,99.8849,99.8497,99.8487,99.8819,99.8788,99.9058,99.9231,99.8589,99.9137,99.8498,99.8816,99.8503,99.8625,99.8539,99.8852,99.7872,99.8811,100.0,99.9126,99.9272,99.9348,99.8996,99.899
GCA_002982335,99.8818,99.8927,99.8972,99.8907,99.8846,99.8813,99.8885,99.8858,99.8642,99.8553,99.8779,99.8954,99.8729,99.8878,99.8883,99.9761,99.8566,99.8655,99.8863,99.904,99.8768,99.84,99.855,99.8561,99.8849,99.8864,99.8559,99.8603,99.8683,99.9763,99.9781,99.8485,99.8556,99.8535,99.8607,99.8996,99.8975,99.8991,99.8737,99.8831,99.8937,99.8976,99.9038,99.8875,99.9445,99.9495,99.8635,99.8861,99.8646,99.8722,99.8467,99.8991,99.7726,99.8817,99.8977,100.0,99.8812,99.8706,99.9058,99.9082
GCA_003027795,99.8959,99.8466,99.8892,99.8537,99.8852,99.87,99.9033,99.8829,99.868,99.8803,99.8462,99.8731,99.8678,99.8807,99.8664,99.8875,99.8783,99.869,99.8827,99.8474,99.8691,99.8434,99.8556,99.8604,99.8638,99.8723,99.8573,99.8778,99.8647,99.8923,99.9116,99.8753,99.8756,99.8715,99.8748,99.8981,99.8694,99.88,99.8633,99.8802,99.8735,99.8802,99.8737,99.9239,99.8718,99.9028,99.8667,99.8599,99.8967,99.8808,99.8728,99.8725,99.8554,99.8783,99.9385,99.8688,100.0,99.9898,99.8758,99.8794
GCA_003027895,99.8953,99.8447,99.8937,99.8871,99.8959,99.8988,99.9011,99.8989,99.9042,99.8508,99.8481,99.87299999999999,99.8806,99.8782,99.8615,99.9097,99.8813,99.8815,99.8906,99.8542,99.8878,99.8557,99.8741,99.8571,99.898,99.8787,99.8533,99.8768,99.8796,99.9137,99.9115,99.8673,99.8675,99.8695,99.8725,99.8947,99.8671,99.8795,99.8636,99.851,99.8885,99.8909,99.8707,99.9252,99.8734,99.916,99.8683,99.8675,99.8698,99.8826,99.8229,99.8694,99.82600000000001,99.8625,99.9466,99.8854,99.9926,100.0,99.8783,99.8802
GCA_005155785,99.875,99.9937,99.9919,99.8663,99.8579,99.8666,99.8735,99.8736,99.8574,99.85799999999999,99.9523,99.9548,99.8679,99.8708,99.9905,99.8928,99.8372,99.8708,99.8598,99.9919,99.8463,99.8378,99.8466,99.8531,99.87200000000001,99.848,99.8423,99.8546,99.8462,99.8952,99.8973,99.8484,99.8427,99.85799999999999,99.8617,99.9315,99.9596,99.9592,99.9501,99.8745,99.9239,99.9339,99.9928,99.8879,99.8486,99.8642,99.8854,99.9225,99.89200000000001,99.89399999999999,99.8669,99.9571,99.7913,99.8716,99.8561,99.8593,99.8769,99.8767,100.0,99.999
GCA_005156105,99.8776,99.9949,99.9923,99.8474,99.8708,99.8696,99.8702,99.8693,99.8683,99.8591,99.9548,99.9631,99.8614,99.8694,99.9939,99.8946,99.84299999999999,99.8661,99.8649,99.9944,99.8574,99.8332,99.8468,99.8502,99.8753,99.8441,99.8387,99.8477,99.8444,99.8931,99.8951,99.8571,99.8357,99.8522,99.853,99.9353,99.9563,99.9568,99.9523,99.8888,99.9321,99.9339,99.9909,99.8892,99.8475,99.8623,99.8918,99.9198,99.897,99.8955,99.8639,99.9557,99.7848,99.8829,99.8675,99.8535,99.8745,99.8936,99.999,100.0
